{"stat.useItem.152":10,"stat.useItem.44":84,"stat.walkOneCm":900287,"stat.useItem.159":78,"stat.useItem.139":31,"achievement.openInventory":397,"stat.damageTaken":2520,"stat.useItem.29":2,"stat.useItem.160":10,"stat.useItem.69":1,"stat.flyOneCm":5951523,"stat.deaths":1,"stat.drop":7,"stat.useItem.101":14,"stat.useItem.95":198,"stat.jump":1731,"stat.playOneMinute":520221,"stat.climbOneCm":55514,"stat.useItem.109":58,"achievement.exploreAllBiomes":{"value":0,"progress":["Tatooine","Plains"]},"stat.useItem.171":31}